record_id,city,datetime,store_wa,store_or,entry_1,entry_2,entry_2_special,entry_3,entry_3_limits,entry_4,entry_4_limits,entry_5,entry_5_enforce,entry_6,entry_6_enforce,entry_7,entry_8,entry_8_new,entry_9,entry_other,general_10,general_10_wipes,general_11,general_12,general_12_enforce,general_12_clear,general_12_clear_new,general_13,general_13_aisles,general_other,section_14,section_14_hours,section_14_guides,section_14_screen,section_14_screen_size,section_15,section_15_guides,section_15_screen,section_15_screen_size,general_19,general_19_access,general_20,general_20_access,general_21,general_21_access,section_16,section_16_guides,section_16_screen,section_16_screen_size,general_22,general_22_access,section_17,section_17_guides,section_17_screen,section_17_screen_size,section_18,section_18_guides,section_18_screen,section_18_screen_size,section_other,checkout_23,checkout_23_screen,checkout_23_screen_size,checkout_23_behind,checkout_23_guides,checkout_23_clean,checkout_23_pack,checkout_24,checkout_24_screen,checkout_24_clean,checkout_other,checklist_complete
1,1,8/15/2020 14:40,1,,7a-10p everyday ,1,Tues 6-7a,1,Someone counting and limiting if necessary ,1,Only one in/out open (same set of doors),1,1,0,,0,0,,0,,1,0,0,0,,,,1,0,,1,M-f: 9a to 9p  Sat 9a-7p  Sun 10a-6p,1,1,3,1,0,0,,0,,0,,0,,1,0,0,,1,1,3,,,,3,,,,Pastries individually packaged ,1,1,2,0,1,3,1,1,0,0,Self check outs are arranged to be far apart (6') but not newly arranged that way-always that way ,2
2,1,8/15/2020 15:14,8,,BURIEN FREDMEYER (add to list)   6a-10pm 7 days ,1,T and Th 6-8a,0,,1,Not at all hours. One closes at 8pm ,1,0,0,,0,1,0,0,,1,1,0,0,,,,1,0,,1,M-F 9a-9p  Sat 9a-7p  Sun 11a-6p,1,1,3,1,1,0,,1,0,0,,0,,1,0,0,,1,1,1,1,0,,1,1,0,,Individually wrapped pastries ,1,1,3,1,1,3,1,1,1,0,,2
3,1,8/15/2020 15:22,4,,24 hrs ,0,,0,,0,,1,0,0,,0,1,0,0,,1,1,0,0,,,,0,,,3,,,,,1,0,0,,0,,0,,0,,3,,,,1,1,3,,,,3,,,,Pastries not wrapped,1,1,3,0,1,3,1,0,,,,2
4,1,7/10/2020 14:47,4,,24 hrs,0,,0,,0,,1,0,0,,0,0,,0,,1,0,0,0,,,,0,,,3,,,,,1,0,0,,0,,0,,0,,3,,,,1,1,3,,,,3,,,,,1,1,3,0,1,3,1,0,,,,2
5,1,7/18/2020 15:49,2,,6a-11p 7 days a week ,0,,1,"Someone standing and counting, but no one turned away ",0,,1,1,0,,0,1,0,0,,1,1,0,1,0,1,0,1,0,,3,,,,,1,1,0,,1,0,0,,0,,1,0,0,,1,1,1,1,0,,1,1,0,,,1,1,3,1,1,3,1,1,0,0,,2
6,2,8/21/2020 16:38,,3,M-Sun 6a - 11p,1,M/W 7a - 8a,1,224 capacity,0,,1,0,0,,0,1,1,0,,1,1,1,1,0,1,0,1,0,,1,M/F 9a - 8p  Sat 9a - 6p  Sun 11a - 6p,1,1,2,1,0,0,,1,0,0,,1,1,1,0,0,,1,1,1,1,0,,1,1,0,,Pastry and cold bars prepackaged ,1,1,2,0,1,3,1,1,0,1,"Customers can pack own bags, however",2
7,2,8/22/2020 14:26,,4,M-Sun 11a -6p,0,,1,15 occupancy,0,,1,0,0,,1,1,0,0,Less storefront signage ,1,1,0,1,0,1,0,0,,Shortage of products,3,,,,,2,0,0,,1,0,1,0,1,0,3,,,,1,0,3,,,,3,,,,,1,1,2,0,1,2,2,0,,,Only one checkout lane open-also not busy,2
8,2,8/22/2020 14:43,,2,M-Sun 6a - 11pm,0,,0,,1,One entrance/exit,1,0,0,,1,1,0,0,Still self-screening notices present,1,1,0,1,0,1,0,0,,,1,M-F 9a - 9p  Sat 9a - 6p  Sun 10a- 6p    T/Th 8a (vulnerable populations),1,1,2,1,1,1,2,1,0,0,,0,,1,1,0,,1,1,1,1,1,2,1,1,1,2,Pastries NOT prepackaged,1,1,2,0,1,3,2,1,0,0,All self checkout lanes open  Customers may pack own bags (it seems),2
9,2,8/22/2020 15:48,,1,M-Sun 6a - 12a,0,,0,,1,One entrance/exit-separate lanes and doors for each,1,1,0,,0,1,0,0,Employee seemed to be counting customers at entrance however,1,1,0,1,0,1,0,1,0,,1,M-F 9a - 9p  Sat 9a - 7p  Sun 10a - 6p,1,1,3,1,0,0,,0,,0,,0,,1,0,0,,1,1,3,,,,3,,,,Pastries prepackaged ,1,1,2,0,1,3,1,1,0,0,Occasional cleaning of checkout stands,2
10,2,8/23/2020 13:04,,5,M-Sun 8a - 8p,0,,1,40 max occupancy,1,One entrance and one exit,1,0,0,,0,1,0,0,Clear labeling of sanitized and used carts,1,1,1,0,,,,1,0,Markers for social distancing on floor,3,,,,,1,1,0,,0,,0,,1,0,1,1,1,2,0,,1,1,0,,1,1,0,,,1,1,2,0,1,3,1,0,,,,2
11,2,8/23/2020 13:26,,6,M-Sun 6a - 11p,1,T/Th 6a-8a,0,,0,,1,0,0,,0,1,0,0,,1,1,1,0,,,,1,0,Social distancing markers on floor,1,M-F 9a-9p  Sat 9a-6p  Sun 11a-6p,1,1,2,1,1,1,2,1,0,0,,1,1,1,0,0,,1,1,1,0,0,,1,0,0,,Cold bar prepackaged; pastries prepackaged and not,1,1,2,1,1,3,1,1,1,0,Presence of screens between self-checkout inconsistent (not all have them)    Some self-checkout closed (ones in between)    Customer can pack own bag,2
12,1,8/23/2020 13:32,3,,5am to 1am 7 days/week ,1,T/Th 6-9a,0,,0,,1,0,0,,0,1,0,0,,1,1,0,1,0,1,1,1,0,,1,"M-f 9a to 9p, sat 10a-6p, sun 10a-6p",1,1,2,1,1,0,,1,0,0,,0,,1,0,0,,1,1,1,0,0,,1,0,0,,Pastries not individually packaged ,1,1,2,0,1,3,1,1,0,0,Some plexiglas screens missing from pharmacy ,2
13,1,8/23/2020 13:52,2,,"6a-11p, 7 days/week",1,"M, w 7-8a",1,"Signage saying capacity at 30%,someone At door presumably monitoring ",0,,1,0,0,,0,1,1,0,,1,1,0,1,0,1,0,0,,,3,,,,,1,0,0,,1,0,0,,1,0,1,0,0,,1,1,1,0,0,,1,0,0,,Pastries individually wrapped ,1,1,3,1,1,3,1,1,0,1,,2
14,2,8/23/2020 14:02,,7,M-Sun 6a-12a,0,,0,,1,One entrance and one exit,1,0,0,,1,1,0,0,Security guard at entrance,1,1,0,1,0,1,0,1,0,,1,M-F 9a-9p  Sat 9a-6p  Sun 10a-6p    T/Th 8a (vulnerable populations),1,1,2,1,0,1,2,1,0,1,1,1,1,1,0,0,,1,1,1,1,0,,1,1,0,,Pastries NOT prepackaged; cold and hot bars prepackaged   ,1,1,2,0,1,3,1,1,0,0,"Some self-checkout stations are closed (some in between, some not)    Hand washing station after checkout",2
15,1,8/24/2020 14:19,8,,6a - 11p all days ,1,M-Th 7-8,0,,0,,1,0,0,,0,0,,0,,1,1,0,0,,,,0,,,1,M to f 9-9  Sat 9-6  Sun 1-6 ,1,1,2,1,1,0,,1,0,0,,0,,1,0,0,,1,1,1,0,0,,1,0,0,,,1,1,3,1,1,3,1,1,1,0,,2
16,1,8/24/2020 15:47,5,,6a - 11pm all days ,0,,0,,0,,1,0,0,,0,1,0,0,Hand washing station at entrance ,0,,1,0,,,,0,,Upstairs seating area now open ,3,,,,,1,0,0,,1,0,1,0,1,0,1,0,0,,1,1,1,0,0,,1,0,0,,Plexiglas screens at deli check out ,1,1,2,0,1,1,1,0,,,,2
17,1,8/24/2020 16:05,7,,6am to 11pm all days ,1,M and W 7-8a,1,Signage reducing to 30%,1,Some doors closed only one open ,1,0,0,,0,1,0,0,,1,1,1,1,0,1,0,0,,,1,M-f 8a-9p  Say 9-9  Sun 10-6,1,1,2,1,0,0,,1,0,0,,0,,1,0,0,,1,1,1,0,0,,1,0,0,,,1,1,3,1,1,1,1,1,1,1,Rear screens are more like sheets. New screens between self check out lanes ,2
18,1,8/24/2020 18:28,6,,5am-1am all days,1,Tues and Thur 6-9am,0,,0,,1,0,0,,0,1,0,0,,1,0,0,1,0,0,,0,,,1,M-f 9-8  Sat 10-6  Sun 10-5,1,1,2,1,1,0,,1,0,0,,0,,1,1,0,,1,1,1,1,0,,1,1,0,,Signage by bakery pastry case limiting to one person at a time. Pics of new floor signage. ,1,1,2,0,1,3,1,1,0,0,,2
19,1,9/18/2020 11:25,1,,7am-10pm 7 days/week,1,Tues 6-7a,0,,0,,1,1,0,,0,1,0,0,All doors open for the first time I remember ,0,,1,0,,,,0,,Demarcations are on end caps but not floor ,1,7-8:30 daily,1,1,3,1,0,0,,0,,0,,0,,1,0,0,,1,1,3,,,,3,,,,,1,1,2,0,1,3,1,1,0,0,Cashiers aren't back to back to rear plexiglas wouldn't be needed here ,2
20,1,9/18/2020 11:57,9,,6a-10p 7 days/week,0,,0,,0,,1,0,0,,0,1,0,0,No special hrs advertised for vul popS,1,1,0,0,,,,0,,,1,M-f 9-9  Sat 9-7  Sun 11-6,1,1,2,1,1,0,,1,0,0,,0,,1,0,0,,1,1,1,1,0,,1,1,0,,,1,1,3,1,1,3,1,1,1,0,,2
21,2,9/19/2020 12:20,,3,6a-11p M-Sun,1,7a-8a M/W,1,224 persons,0,,1,0,0,,0,1,0,0,,1,1,0,1,0,1,0,1,0,,1,M-F 9a-8p  Sat 9a-6p  Sun 11a-6p,1,1,2,1,0,0,,1,0,0,,1,1,1,0,0,,1,1,1,1,0,,1,1,0,,Cold bar prepackaged; pastry bar not prepackaged.,1,1,2,0,1,3,3,1,1,0,,2
22,2,9/19/2020 12:53,,1,6a-12a M-Sun,0,,0,,1,"One entrance/exit each, but all doorways open",1,0,0,,0,1,0,0,No more employees watching doors/enforcing masks,1,1,0,0,,,,1,0,"HVAC units on ground (likely in response to wildfire smoke)    Other than social distancing markings, lane demarcations are gone/have been reduced",1,M-F 9a-7p  Sat 9a-7p  Sun 10a-6p,1,1,3,1,0,0,,0,,0,,0,,1,0,0,,1,1,3,,,,3,,,,Pastries still prepackaged     Vision Center reopened,1,1,2,0,1,3,1,1,0,0,,2
23,1,9/19/2020 19:31,4,,24 hrs ,0,,0,,0,,1,0,0,,0,1,0,0,,1,0,0,0,,,,0,,,3,,,,,1,0,0,,0,,0,,0,,1,0,0,,1,1,3,,,,3,,,,,1,1,2,0,1,3,1,0,,,,2
24,1,9/19/2020 19:44,3,,5am-1am 7 days/week,0,,0,,0,,1,1,0,,0,1,0,0,,1,0,0,1,0,1,0,0,,No hrs advertised for vulnerable pops,1,"9-9 m-f, 10-6 sat and sun",1,1,2,1,1,0,,1,0,0,,0,,1,1,0,,1,1,1,1,0,,1,1,0,,Pastry bar has signage for one customer at a time ,1,1,2,0,1,3,1,1,0,0,,2
25,1,9/19/2020 19:53,2,,6a-11p 7 days/week,1,"M, W 7-8a",1,Sign saying 30% capacity no one actively monitoring ,0,,1,0,0,,0,1,0,0,,1,1,0,1,0,1,0,0,,,3,,,,,1,0,0,,1,0,0,,0,,1,0,0,,1,1,1,0,0,,1,0,0,,,1,1,3,1,1,2,1,1,0,0,,2
26,2,9/20/2020 12:05,,2,M-Sun 6a-11p,0,,0,,1,One entrance/exit,1,1,0,,1,1,1,0,,1,0,0,1,0,1,0,1,0,,1,M-F 9a-9p  Sat 9a-6p  Sun 10a-6p,1,1,2,1,1,1,2,0,,0,,0,,1,1,0,,1,1,1,1,1,2,1,1,1,2,,1,1,2,0,1,3,2,1,0,0,"In-between self-checkout stands closed    Only one manned checkout lane was in use at time of visit, so two customers for the one lane were observed. Bags were packed for one customer only because bags were not needed for the other",2
27,2,9/20/2020 12:41,,4,Location CLOSED,0,,1,Location closed,1,No entry,0,,0,,0,0,,0,,0,,0,0,,,,0,,,3,,,,,3,,,,0,,0,,0,,3,,,,0,,3,,,,3,,,,,0,,,,,,,0,,,,2
28,2,9/20/2020 13:02,,6,M-Sun 6a-11p,1,6a-8a T/Th,0,,0,,1,0,0,,0,1,1,0,,1,1,1,0,,,,1,0,,1,M-F 9a-9p  Sat 9a-6p  Sun 11a-6p,1,1,2,1,1,1,2,1,0,0,,1,1,1,0,0,,1,1,1,0,0,,1,0,0,,Deli at reduced operation still    Cold bar prepackaged; pastries not prepackaged     Sushi bar closed,1,1,2,1,1,3,1,1,1,0,Self-checkout stations without screens have the in-between stands closed    Seems like every other manned checkout stand are closed    Customer could pack own bag,2
29,2,9/20/2020 13:32,,5,M-Sun 8a-8p,0,,1,40 persons (restriction seems relaxed),1,One entrance and one exit,1,0,0,,0,1,0,0,Separate clean and used carts stacks,1,1,1,0,,,,1,0,,3,,,,,1,1,0,,0,,0,,0,,1,1,1,2,0,,1,1,0,,1,1,0,,Cold bar removed,1,1,2,0,1,3,1,0,,,,2
30,2,9/20/2020 13:58,,7,M-Sun 6a-12a,0,,1,290 persons,1,One entrance (with line up-no line at the time) and one exit.    One household at a time for elevators,1,0,0,,1,1,0,0,Entrance and exit swapped,1,1,1,1,0,1,0,1,0,Way to entrance/exit no longer blocked off,1,M-F 9a-8p  Sat 9a-5p  Sun 10a-5p,1,1,2,1,1,0,,1,0,1,1,1,1,1,0,0,,1,1,1,1,0,,1,1,0,,Self-service cold bar prepackaged; pastries and hot bar not prepackaged (tissues provided: instructions to use one tissue to open door and another for picking pastry while hot bar requests use of tissues to hold tongs. Social distancing markers and hand sanitizer at hot bar),1,1,2,0,1,3,2,1,0,0,"In-between self-checkout stands appear to be closed    Only one manned checkout lane open, so two customers for that lane were observed. One customer packed own bag",2
31,1,9/21/2020 13:18,7,,6a-11p all 7 days ,1,M-w 7-8a,1,Signage saying 30% limit but no one monitoring ,0,,1,0,0,,0,1,0,0,,1,1,0,1,0,1,0,0,,,1,8a-9p m-f  9-9 sat  10-6 sun  ,0,1,2,1,0,0,,1,0,0,,0,,1,0,0,,1,1,1,0,0,,1,0,0,,Pharmacy has only one social distancing spot ,1,1,3,1,1,3,1,1,1,0,"Some rear screens weren't present, floor markings weren't great, worker unloads cart for customer ",2
32,1,9/21/2020 13:40,5,,6a-11p 7 days/week,0,,0,,0,,1,1,0,,1,1,0,0,,1,1,1,0,,,,0,,,3,,,,,1,0,0,,1,0,1,0,1,0,1,0,0,,1,1,1,0,0,,1,0,0,,So I'll distancing stickers in deli have come up. One half of one left. ,1,1,2,0,1,1,1,0,,,,2
33,1,9/21/2020 13:50,6,,5am-1am 7 days ,1,"T, Th 6-9am",0,,0,,1,0,0,,0,1,0,0,,1,1,0,1,0,0,,0,,Some stickers for directionality but not on every lane and hard to see/understand ,1,9-7 m-f  10-6 sat sun,1,1,2,1,0,0,,1,0,0,,0,,1,0,0,,1,1,1,1,0,,1,1,0,,Marking around pastry bar for social distancing and limiting to one person at a time ,1,1,2,0,1,3,1,1,0,0,,2
34,1,9/21/2020 14:22,8,,6a-11p 7 days/week,0,,0,,0,,1,1,0,,1,1,0,0,,1,1,1,0,,,,0,,,1,9-9 m-f  9-6 sat  11-6 sun  ,1,1,3,1,0,0,,1,0,0,,0,,1,0,0,,1,1,1,1,0,,1,1,0,,,1,1,3,1,1,3,1,1,1,0,,2
35,2,5/16/2020 14:26,,4,M-Sun: 8a-8p,1,M-F: 7a-8a,1,25 persons,0,,1,0,0,,0,1,1,0,,1,1,0,1,0,1,1,1,0,,3,,,,,1,0,0,,1,0,1,0,1,0,3,,,,1,0,3,,,,3,,,,,1,1,2,0,1,3,1,0,,,,2
36,2,5/16/2020 14:52,,2,M-Sun: 7a-10p,1,T/Th: 7a-9a,0,,1,One entrance/exit,0,,0,,0,1,1,0,Self-screening questions provided on poster,1,1,0,1,0,1,1,1,0,,1,M-F: 9a-9p  Sat: 9a-6p  Sun: 10a-6p,1,1,2,1,1,1,2,1,0,0,,0,,1,1,0,,1,1,1,1,1,2,1,1,1,2,Donuts prepackaged  Bakery may not be open?,1,1,2,0,1,3,1,1,0,0,Some self-checkout lanes closed for social distancing  Bag policy not clear,2
37,2,5/16/2020 17:19,,3,M-Sun: 8a-10p,1,M-F: 7a-8a,1,50% capacity,0,,0,,0,,0,1,1,0,Poster encouraged wearing of face masks,1,1,1,1,0,1,1,1,0,,1,M-F: 9a-8p  Sat: 9a-6p  Sun: 11a-6p,1,1,2,1,0,0,,1,0,0,,1,0,1,0,0,,1,1,1,1,0,,1,1,0,,Donuts prepackaged,1,1,2,0,1,1,2,1,0,1,,2
38,2,5/16/2020 17:50,,1,M-Sun: 7a-8:30p,0,,1,Queue for entry with employees enforcing,0,,0,,0,,0,1,1,0,,1,0,0,1,0,1,1,1,0,Self-cleaning station for carts at one entrance though (spray and paper towels),1,M-F: 9a-9p  Sat: 9a-7p  Sun: 10a-6p,1,1,3,1,1,0,,0,,0,,0,,1,1,0,,1,1,3,,,,3,,,,Sanitizing stations at meat section  Pastries prepackaged  Demarcations for deli and bakery not distinct from general store floor ones (i.e. does not appear to be specifically placed for the sections),1,1,2,0,1,2,1,1,0,0,Cleaning at some self-checkout lanes; not at the self-checkout stands/islands,2
39,2,5/23/2020 16:02,,5,M-Sun: 8a-8p,1,M-Th: 7a-8a,1,40 customers,1,One entrance and one exit,0,,0,,0,1,1,0,Used cart/sanitized cart lanes  Mask wearing appreciated  Queue to enter store; employee keeps track of queue,1,1,1,0,,,,0,,"Social distancing floor makers, but no lanes",3,,,,,1,1,0,,0,,0,,1,0,1,1,1,2,0,,1,1,0,,1,1,0,,Cheese stand open--employee wearing PPE  One butcher wore a face shield,1,1,2,0,1,2,1,0,,,,2
40,2,5/23/2020 16:29,,6,M-Sun: 6a-11p,1,T/Th: 6a-8a,0,,0,,0,,0,,0,1,1,0,Inconsistent signage at (the three) entrances,1,1,0,0,,,,1,0,Social distancing floor markers,1,M-F: 9a-9p  Sat: 9a-7p  Sun: 11a-6p,1,1,2,1,1,0,,1,0,0,,1,1,1,0,0,,1,1,1,0,0,,1,0,0,,Pastries and cold bar prepackaged  Sushi bar closed  Bulk dry foods still available,1,1,2,1,1,3,1,1,1,0,Plexiglass screens between some self-checkout lanes  Plexiglass screens behind checkout stands,2
41,2,5/23/2020 17:14,,7,M-Sun: 6a-12a,1,T/Th: 7a-9a,1,290 persons (maximum occupancy?),1,One entrance and one exit,0,,0,,0,1,1,0,Self-screening questions posted  Limited entry line triangle stand present along with employees at entrance,1,1,0,1,0,1,1,0,,,1,M-F: 9a-9p  Sat: 9a-6p  Sun: 10a-6p,1,1,2,1,1,1,2,1,0,1,1,1,1,1,1,0,,1,1,1,1,0,,1,1,0,,"Pastries, cold bar, and hot bar prepackaged  Bar and fountain drink dispenser closed",1,1,2,0,1,3,2,1,0,0,Mobile hand wash station past manned checkout lanes,2
42,2,6/13/2020 13:53,,1,M-Sun: 7a-8:30p,1,T: 6a-7a,0,,1,Stricter enforcement of entrance/exits--two sets of entrance/exits with employees to enforce lanes (and count?),0,,0,,0,1,0,0,Special hours not readily available (on greeter station inside store    No queue,1,1,0,1,0,1,0,1,0,"No wipes at the dispenser, but available at self-cleaning station  Generally more restocking  Sanitizing stations still present at meat section (maybe not COVID-19 related)  More mask usage  *Traffic lanes are only for store aisles and not all parts of the store--same as in May*",1,M-F: 9a-9p  Sat: 9a-7p  Sun: 10a-6p,1,1,3,1,1,0,,0,,0,,0,,1,1,0,,1,1,3,,,,3,,,,"Pastries prepackaged  Again, demarcations for deli and bakery not necessarily specific to the sections",1,1,2,0,1,3,1,1,0,0,Maybe periodic cleaning of self-checkout stands,2
43,2,6/13/2020 14:42,,3,M-Sun: 7a-11p,1,M-F: 7a-8a,1,224 (maximum occupancy?),0,,0,,0,,0,1,1,0,Face mask usage encouraged,1,1,0,1,0,1,0,1,0,Seems to be supplies for cart/basket cleaners (perhaps on break?),1,M-F: 9a-8p  Sat: 9a-6p  Sun: 11a-6p,1,1,2,1,0,0,,1,0,0,,1,0,1,0,0,,1,1,1,1,0,,1,1,0,,Pastries prepackaged  Florist appears to be open,1,1,2,0,1,2,1,1,0,0,Customers bag their own groceries if bringing their own bag  Wiping of checkout varied between employees,2
44,2,6/14/2020 12:38,,2,M-Sun: 6a-11p,1,T/Th: 6a-9a,0,,1,One entrance/exit,0,,0,,0,1,0,0,Self-screening questions still present,1,1,0,1,0,1,0,1,0,Appears to be a dedicated cleaner  Lots of order packers,1,M-F: 9a-9p  Sat: 9a-6p  Sun: 10a-6p  *T/Th opens 8a for vulnerable populations,1,1,2,1,1,1,2,1,0,0,,0,,1,1,0,,1,1,1,1,1,2,1,1,1,2,Pastries prepackaged  Some employees wiping down surfaces,1,1,2,0,1,3,2,1,0,0,Every other self-checkout station closed for social distancing  Customers can bring/pack own bag  All sales final--no refunds due to COVID-19,2
45,2,6/14/2020 13:09,,4,M-Sun: 8a-8p,1,M-F: 7a-8a,1,15 persons,0,,1,0,0,,1,1,1,0,"Disposable face masks and gloves, along with hand sanitizer, at entrance",1,1,0,1,0,1,0,0,,Store not very busy,3,,,,,1,0,0,,1,0,1,0,1,1,3,,,,1,0,3,,,,3,,,,Cold bar prepackaged,1,1,2,0,1,3,1,0,,,Only one lane was open--two customers for the one lane were observed,2
46,2,6/14/2020 13:35,,7,M-Sun: 6a-12a,0,,0,,1,"One entrance and one exit  Elevators encouraged for single (group) occupancy (likely existed in May, but was not observed)",0,,0,,0,1,1,0,"Limited entry triangle stands still present  Mask use is encouraged  There may be hours for vulnerable populations, but could not be found",1,1,1,1,0,1,0,1,0,Separate sections for clean baskets and carts  COVID-19 signage throughout store (specific to each section),1,M-F: 9a-9p  Sat: 9a-6p  Sun: 10a-6p  *T/Th open at 8a for vulnerable populations,1,1,2,1,0,1,2,1,0,1,1,1,1,1,0,0,,1,1,1,1,0,,1,1,0,,"Hot, cold, and pastry bars prepackaged",1,1,2,0,1,3,2,1,0,0,Cleaning of checkout lanes occurred when no customers were present (or maybe specified cleaning times?)  Customer could bring and pack own bag,2
47,2,6/5/2020 14:11,,6,M-Sun: 6a-11p  ,1,T/Th: 6a-8a,0,,0,,0,,0,,0,1,0,0,One sign at one entrance,1,1,0,0,,,,1,0,Saw a dedicated (surface) cleaner with cart of cleaning supplies  Only social distancing floor markers  Bulk food available,1,M-F: 9a-9p  Sat: 9a-6p  Sun: 11a-6p,1,1,2,1,1,1,2,1,0,0,,1,1,1,0,0,,1,1,1,0,0,,1,0,0,,Cold and pastry bars prepackaged  Some COVID-19 related signage in store (e.g. requesting customers do not use demo furniture)  Sushi bar closed (but prepackaged sushi available)  Screen at deli has a hole for the register,1,1,2,1,1,3,1,1,1,0,"For self-checkout lanes without screens, every other station is closed  Seems like customer can use own bag and the employee will pack it",2
48,2,6/14/2020 14:42,,5,M-Sun: 8a-8p,1,M-Th: 7a-8a,1,Queue for entrance and employees count,1,One entrance and one exit,0,,0,,0,1,0,0,"Again, cleaned and used cart sections  Face mask usage appreciated",1,1,1,0,,,,0,,"Again, social distancing markings",3,,,,,1,1,0,,0,,0,,1,1,1,1,1,2,0,,1,1,0,,1,1,0,,Few more employees with face shields  Should be noted that cold bar is used for drinks (same as in May),1,1,2,0,1,3,1,0,,,There was a specific employee for the packing of bags,2
49,2,7/17/2020 16:12,,1,M-Sun: 6a-12a,1,T: 6a-7a,0,,1,One entrance and one exit--other entry closed. Extra staff monitoring entrances.,1,1,0,,0,1,1,0,Other entrance closed to enforce mask usage  Employees seemed to be counting customers  Senior shopping hours not easy to find at store  ,1,1,0,1,0,1,1,1,0,"Again, demarcations mostly for narrow aisles  Cart wipes are paper towels with spray bottle  Water fountain closed  ",1,M-F: 9a-9p  Sat: 9a-7p  Sun: 10a-6p,1,1,3,1,0,0,,0,,0,,0,,1,0,0,,1,1,3,,,,3,,,,"Social distancing demarcations haven't changed, but considering the markers near the deli and bakery to not be specifically for the sections  Still sanitizing stations near meats (probably a permanent feature)  Pastries prepackaged",1,1,2,0,1,3,1,1,0,0,Appeared to be extra staff monitoring lanes?  Pile up of customers after checkout,2
50,2,7/18/2020 14:17,,5,M-Sun: 8a-8p,0,,1,40 persons,1,One entrance and one exit,1,0,0,,0,1,1,0,Separate sections for used carts  Maybe more lax enforcement?,1,1,1,0,,,,1,0,Hand sanitizer and basket wiping station at entrance,3,,,,,1,1,0,,0,,0,,1,0,1,1,1,2,0,,1,1,0,,1,1,0,,Former cold bar holds drinks,1,1,2,0,1,3,2,0,,,More face shields,2
51,2,7/18/2020 14:38,,6,M-Sun: 6a-11p,1,T/Th: 6a-8a,0,,0,,1,0,0,,0,1,1,0,,1,1,0,0,,,,1,0,"A few customers without masks  Again, general social distancing markers on floor  Some employees at one entrance (maybe for cleaning baskets?)  Security officer present  ",1,M-F: 9a-9p  Sat: 9a-7p  Sun: 11a-6p,1,1,2,1,1,1,2,1,0,0,,1,1,1,0,0,,1,1,1,0,0,,1,0,0,,Cold and pastry bars prepackaged  Sushi bar still closed  Part of deli was closed during visit,1,1,2,1,1,3,1,1,1,0,Spray and paper towels at employee stations,2
52,2,7/18/2020 15:15,,7,M-Sun: 6a-12a,0,,0,,1,One entrance and one exit,1,0,0,,1,1,1,0,Employee wiping cart at entrance  Special hours as needed  Limited bottle return,1,1,1,1,0,1,0,1,0,Area around entrance is blocked off to limit use as exit  Security officer present,1,M-F: 9a-9p  Sat: 9a-6p  Sun: 10a-6p  *T/Th opens at 8a for vulnerable populations,1,1,2,1,0,1,2,1,0,1,0,1,1,1,0,0,,1,1,1,1,0,,1,1,0,,Cold and pastry bars prepackaged,1,1,2,0,1,3,2,1,0,0,Customer packed own bag (that they brought)  Employee cleaned stand when not busy,2
53,2,7/18/2020 16:22,,3,M-Sun: 6a-11p,1,M/W: 7a-8a,1,224 persons,0,,1,0,0,,0,1,1,0,Queue for bottle return,1,1,1,1,0,1,0,1,0,Cart/basket cleaners were not present upon entry,1,M-F: 9a-8p  Sat: 9a-6p  Sun: 11a-6p,1,1,2,1,0,0,,1,0,0,,1,1,1,0,0,,1,1,1,1,0,,1,1,0,,Cold and pastry prepacked,1,1,2,0,1,3,1,1,0,0,One self-checkout station closed in general  Customer packs own bags they bring,2
54,2,7/19/2020 12:00,,2,M-Sun: 6a-11p,0,,0,,1,One entrance/exit,1,0,0,,1,1,1,0,Two security guards at the entrance  Self-screening questions,1,1,0,1,0,1,0,1,0,,1,M-F: 9a-9p  Sat: 9a-6p  Sun: 10a-6p  *T/Th opens at 8a for vulnerable populations,1,1,2,1,1,1,2,1,0,0,,0,,1,1,0,,1,1,1,1,1,2,1,1,1,2,Pastry prepackaged,1,1,2,0,1,3,1,1,0,0,Some self-checkout closed for social distancing  Customer can pack own bag?,2
55,2,7/19/2020 12:20,,4,M-Sun: 8a-8p,1,M-F: 7a-8a,1,15 persons,0,,1,0,0,,1,1,0,0,,1,1,0,1,0,1,0,1,0,Signage requesting customers not touch produce,3,,,,,1,0,0,,1,0,1,1,1,1,3,,,,1,0,3,,,,3,,,,Cold bar prepackaged  Hot bar open from 8a-3p from M-F,1,1,2,0,1,3,1,0,,,*Only one customer observed since the store was not very busy,2
56,2,10/17/2020 15:22,,2,M-Sun: 6a-11p,0,,0,,1,One entrance/exit,1,0,0,,1,1,0,0,,1,1,0,1,0,1,1,1,0,New floor labeling around Starbucks when it did not exist before (same markers as other parts of store)  Lighter security presence?,1,M-F: 9a-9p  Sat: 9a-6p  Sun: 10a-6p,1,1,2,1,1,1,2,0,,0,,0,,1,1,0,,1,1,1,1,1,2,1,1,1,2,Pastries not prepackaged ,1,1,2,0,1,3,1,1,0,0,All self-checkout lanes open,2
57,2,10/17/2020 16:41,,3,M-Sun: 6a-11p,0,,1,224 persons,0,,1,0,0,,0,1,0,0,,1,1,0,0,,,,1,0,Lanes removed,1,M-F: 9a-8p  Sat: 9a-6p  Sun: 11a-6p,1,1,2,1,0,0,,1,0,0,,0,,1,0,0,,1,1,1,1,0,,1,1,0,,"New soup bar is being installed, so unavailable  Pastries not prepackaged ",1,1,2,0,1,3,2,1,1,0,One customer did not need a bag,2
58,2,10/17/2020 17:06,,1,M-Sun: 6a-12a,0,,0,,1,"Labeled entrances and exit, but not really enforced (almost like pre-COVID setup aside from signs)  Other entrance/exit closed",1,1,0,,0,1,0,0,,1,1,0,0,,,,1,0,Cart wipe station removed  ,1,M-F: 9a-7p  Sat: 9a-7p  Sun: 10a-6p,1,1,3,1,0,0,,0,,0,,0,,1,0,0,,1,1,3,,,,3,,,,Signs at bakery asking customers to sanitize,1,1,2,0,1,3,1,1,0,0,,2
59,1,10/18/2020 13:05,4,,24 hrs ,0,,0,,0,,1,0,0,,0,0,,0,,1,1,0,0,,,,0,,,3,,,,,1,0,0,,0,,0,,0,,3,,,,1,1,3,,,,3,,,,Wipes at one door only ,1,1,3,0,0,3,1,0,,,,2
60,1,10/18/2020 13:09,3,,5am-1am 7 days/week ,0,,0,,0,,1,0,0,,0,0,,0,,1,1,0,1,0,1,0,0,,,1,M-f: 9-9  Sat: 9-6  Sun: 11-6,1,1,2,1,1,0,,1,0,0,,0,,1,0,0,,1,1,1,1,0,,1,1,0,,No more individually packaged pastries or signage enforcing one person at a time. There are social distance markers in front of it however ,1,1,2,0,1,3,1,1,0,0,,2
62,1,10/18/2020 13:25,2,,6am-11pm 7 days a week ,1,"M, W 7-8am",1,Signage claiming capacity reduced to 30%. No evidence this is being enforced. ,0,,1,0,0,,0,1,0,0,,1,1,0,0,,,,0,,,3,,,,,1,0,0,,1,0,0,,0,,1,0,0,,1,1,1,0,0,,1,0,0,,,1,1,3,1,1,3,1,1,0,0,,2
63,1,10/17/2020 14:32,7,,6am to 11pm 7 days/week,1,"M, w 7-8am",1,"Signage saying 30%, not enforced ",0,,1,0,0,,0,1,0,0,,1,1,0,0,,,,0,,,1,"8-9 m-f, 9-9 sat, 10-6 sun ",1,1,2,1,0,0,,1,0,0,,0,,1,0,0,,1,1,1,0,0,,1,0,0,,,1,1,3,1,0,3,1,1,1,0,Has a self shopping system where you scan your own groceries as you buy them    Some screens behind checkers are missing. (Suspended from ceiling) ,2
64,1,10/17/2020 14:44,5,,6a-11p 7 days ,0,,0,,0,,1,0,0,,1,1,0,0,,1,1,1,0,,,,0,,Hand washing station outside the store ,3,,,,,1,0,0,,1,1,1,0,1,0,1,0,0,,1,1,1,0,0,,1,0,0,,,1,1,2,0,1,3,1,0,,,,2
65,1,10/17/2020 15:15,6,,5am-1am,0,,0,,0,,1,0,0,,0,1,0,0,,1,1,1,0,,,,0,,,1,M-f: 9-7  Sat: 10-6  Sun: 10-5,0,1,2,1,1,0,,1,0,0,,0,,1,0,0,,1,1,1,1,0,,1,1,0,,Pastry bar has lots of controls. Picture taken separately. ,1,1,2,0,1,3,1,1,0,0,,2
66,1,10/17/2020 15:42,8,,6am-11pm 7 days/week,0,,0,,0,,1,1,0,,1,0,,0,,1,1,1,0,,,,0,,,1,9-9 m-f  ,1,1,2,1,1,0,,1,0,0,,0,,1,0,0,,1,1,1,1,0,,1,1,0,,,1,1,3,1,1,3,1,1,1,1,,2
67,1,10/18/2020 14:34,1,,7a-10p 7 days,1,Tues 6-7,0,,0,,1,1,0,,0,1,0,0,,1,1,0,0,,,,1,0,,1,M-f 9-7  Sat 9-7  Sun 10-6,0,1,3,1,0,0,,0,,0,,0,,1,0,0,,1,1,3,,,,3,,,,,1,1,2,0,0,3,1,1,0,0,,2
68,1,10/18/2020 15:59,9,,6am-10pm 7 days,0,,0,,0,,1,0,0,,0,1,0,0,,1,1,0,0,,,,0,,,1,9-9 m-f  9-7 sat  11-6 sun,1,1,3,1,1,0,,0,,0,,0,,1,0,0,,1,1,1,1,0,,1,1,0,,,1,1,3,1,1,3,1,1,1,0,,2
69,2,10/22/2020 13:47,,5,M-Sun: 8a-8p,0,,1,40 persons,1,One entrance and one exit ,1,0,0,,0,1,0,0,Used and sanitized carts lines,1,1,1,0,,,,1,0,Sanitized baskets pile,3,,,,,1,1,0,,1,1,0,,0,,1,1,1,2,0,,1,1,0,,1,1,0,,Store floor seems to be more crowded-more product displays  Gloves and paper sheets for using soup ladles  Cheese stand open  Cleaner cleaning,1,1,2,0,1,3,1,0,,,Checkout stands has store safe shopping guidelines and hours posted on plexiglass screens,2
70,2,10/22/2020 14:08,,6,M-Sun: 6a-11p,1,T/Th: 6a-8a,0,,0,,1,0,0,,0,1,0,0,"Yellow jacket employees at entrances: basket/cart cleaners, surface cleaner, light mask enforcement",1,1,1,0,,,,1,0,,1,M-F: 9a-9p  Sat: 9a-6p  Sun: 11a-6p,1,1,2,1,1,1,2,0,,0,,1,1,1,0,0,,1,1,1,0,0,,1,0,0,,"Cold bar prepackaged, but pastries not prepackaged   Deli seems to be more open  Cheese stand open",1,1,2,1,1,3,1,1,1,0,Self-checkout stations without screens between them had every other station closed  Manned checkout lanes not strategically closed (i.e. every other lane not closed),2
71,2,10/22/2020 15:01,,7,M-Sun: 6a-12a,0,,0,,1,One entrance and one exit,1,0,0,,0,1,0,0,"One household at a time on elevator, as has been the case for months",1,1,1,1,0,1,0,1,0,Cleaner station by door (cleaner was cleaning baskets at checkout)  Signage denoting clean baskets and carts  Security guard patrolling ,1,M-F: 9a-8p  Sat: 9a-5p  Sun: 10a-5p,1,1,2,1,1,0,,1,0,1,1,1,1,1,0,0,,1,1,1,1,0,,1,1,0,,"Cold bar prepackaged, but hot and pastry bars not prepackaged (same controls and signage setup as last month)  Deli register temporarily closed and only one marker for deli (markers around hot bar)  COVID test available at pharmacy",1,1,2,0,1,3,2,1,0,0,Self-checkout has all stations open  One checker did use hand sanitizer after checking out customer,2
72,2,11/20/2020 16:54,,3,M-Sun: 6a-11p,1,M/W:7a-8a,1,224 max occupancy,0,,1,0,0,,0,1,1,0,Some more signage about COVID and occupancy limits,1,1,0,0,,,,1,0,,1,M-F: 9a-8p  Sat: 9a-6p  Sun: 11a-6p,0,0,,1,0,0,,1,1,0,,0,,1,0,0,,1,1,1,1,0,,1,1,0,,"Pharmacy now have hanging plastic film screens (about 2 breathing zones for each counter section)  Self-serve soup bar available-no signage about how to use, but there is a bottle of hand sanitizer and one ""Please wait here""demarcation (about 2 m away)  Donuts still not prepackaged, but there are now multiple small signs instructing customers to use one tissue to open the cabinet and another to grab product",1,1,2,0,1,3,2,1,1,0,Customer in one lane brought (and thus packed) own bag    ,2
73,1,11/21/2020 13:35,1,,7-11 all days ,1,The 6-7am ,1,Per gov order all stores limited to 25%  Queue outside with someone managing ,1,"One door entrance only, one exit only ",1,1,0,,0,0,,0,,1,1,0,0,,,,1,0,,1,M-f 9-7  Sat 9-7  Sun 10-6,0,1,3,1,0,0,,0,,0,,0,,1,0,0,,1,1,3,,,,3,,,,All pastries individually packaged ,1,1,2,0,0,3,1,1,0,0,,2
74,1,11/21/2020 13:35,1,,7-11 all days ,1,The 6-7am ,1,Per gov order all stores limited to 25%  Queue outside with someone managing ,1,"One door entrance only, one exit only ",1,1,0,,0,0,,0,,1,1,0,0,,,,1,0,,1,M-f 9-7  Sat 9-7  Sun 10-6,0,1,3,1,0,0,,0,,0,,0,,1,0,0,,1,1,3,,,,3,,,,All pastries individually packaged ,1,1,2,0,0,3,1,1,0,0,,2
75,1,11/21/2020 13:59,9,,6am-10pm all days ,0,,1,Limited per Inslee but no queue being enforced ,0,,1,0,0,,0,0,,0,,1,1,0,0,,,,1,0,"Hand sanitizer all over the store: deli, checkouts, butcher",1,M-f 9-9  Sat 9-7  Sun 11-6,1,1,2,1,1,0,,0,,0,,1,1,1,0,0,,1,1,1,1,0,,1,1,0,,"No individually wrapped pastries, cold bar refers to a sandwich roll bar (self serve) that is now open. ",1,1,3,1,1,3,1,1,1,0,,2
76,2,11/21/2020 14:00,,5,M-Sun: 8a-8p,0,,0,,1,One entrance and one exit,1,0,0,,0,1,1,0,Limited occupancy no longer posted,1,1,1,0,,,,1,0,,3,,,,,1,1,0,,1,1,0,,0,,1,1,1,2,0,,1,1,0,,1,1,0,,"Hand sanitizer at soup bar; signage saying gloves and paper sheets available for ladles, but not present at the bar",1,1,2,0,1,3,1,0,,,,2
77,1,11/21/2020 14:22,4,,24 hrs ,0,,1,Per govt restrictions. Nothing enforced ,0,,1,0,0,,0,1,0,0,,1,1,0,0,,,,1,0,,3,,,,,1,0,0,,0,,0,,0,,3,,,,1,1,3,,,,3,,,,Not individually packaged at pastry bar,1,1,3,0,0,3,1,0,,,,2
78,1,11/21/2020 14:34,3,,5am-1am,0,,1,Someone at only open entrance counting those coming in and out,1,One door has signage that says locked due to covid19 (took picture),1,1,0,,0,1,1,0,,1,1,0,1,0,0,,1,0,Direction markers but not consistent throughout the store. Many lanes missing them ,1,M-f 9-9  Sat 10-6  Sun 10-6,1,1,2,1,1,0,,1,0,0,,0,,1,0,0,,1,1,1,1,0,,1,1,0,,Self serve pastries are not individually packaged and have social distancing markers around it ,1,1,2,0,1,3,1,1,0,0,,2
79,2,11/21/2020 14:21,,6,M-Sun: 6a-11p,1,T/Th: 6a-8a,0,,0,,1,0,0,,0,1,1,0,"Chair for Customer Engagement Specialist, but not present-other specialists not present at other entrances at the time of visit  A security guard outside an entrance",1,1,1,0,,,,1,0,"Again, Customer Engagement Specialist not present currently, but appeared to be in the middle of cleaning baskets",1,M-F: 9a-9p  Sat: 9a-6p  Sun: 11a-6p,1,1,2,1,1,1,2,1,0,0,,1,1,1,0,0,,1,1,1,0,0,,1,0,0,,"A few more ""Please wait here"" markers to establish line at deli  Cold bar prepackaged but pastries are not-no particular instructions for use of pastry bar",1,1,2,1,1,3,1,1,1,0,Every other self-checkout station closed if no plexiglass screens between stations,2
80,1,11/21/2020 14:50,2,,6a-11pm all days ,0,,1,25% but no one enforcing. Signage saying this however ,0,,1,0,0,,0,1,1,0,,1,1,0,0,,,,0,,,3,,,,,1,1,0,,1,1,0,,0,,1,0,0,,1,1,1,0,0,,1,0,0,,Not individually packaged pastries ,1,1,3,1,1,3,1,1,1,0,,2
81,2,11/21/2020 15:03,,7,M-Sun: 6a-12a,0,,1,435 persons,0,,1,0,0,,0,1,1,0,Security guard at entrance,1,1,1,1,0,1,0,0,,"Cleaner not present, but station still present",1,M-F: 9a-8p  Sat: 9a-5p  Sun: 10a-5p,1,1,2,1,1,0,,1,0,1,1,1,1,1,0,0,,1,1,1,1,0,,1,1,0,,"Cold and hot bars prepackaged; hand sanitizer and paper tissues still available at hot bar, along with social distancing markers  Pastry bar not prepackaged and instructions for use still present",1,1,2,0,1,3,1,1,0,0,"Some self-checkout stations closed, but not a consistent pattern",2
82,2,11/21/2020 15:50,,2,M-Sun: 6a-11p,0,,1,589 persons,1,One entrance/exit,1,0,0,,0,1,1,0,,1,1,0,0,,,,0,,Employee/security guard at entrance,1,M-F: 9a-9p  Sat: 9a-6p  Sun: 10a-6p,1,1,2,1,1,1,2,0,,0,,0,,1,1,0,,1,1,1,1,1,2,1,1,1,2,"Pastries not prepackaged-""Please use tissues"" sticker, but no other specific signage/instructions",1,1,2,0,1,3,1,1,0,0,All self-checkout lanes open  Customer can pack own bag (observed in other lanes),2
83,2,11/21/2020 17:08,,1,M-Sun: 6a-12a,0,,1,Line and employee counts on a IPad ,1,"One entrance, one exit, and one time limited exit ",1,1,0,,0,1,0,0,,1,1,0,0,,,,0,,Metal gates with alarms (so one way) set up in store  Greeter replaced with security guard  General social distancing markers still present,1,M-Sat: 9a-7p  Sun: 10a-6p,1,1,3,1,0,0,,0,,0,,0,,2,0,0,,1,1,3,,,,3,,,,Pastries still prepackaged   Bakery might just be closed for the day-also signage asking customers to remember to wash hands at cakes section,1,1,2,0,1,3,1,1,0,0,,2
84,1,11/23/2020 20:14,8,,6a-11p 7 days a week ,0,,1,"Per Inslee order, but not enforced ",0,,1,0,0,,0,1,0,0,,1,1,0,0,,,,0,,,1,9-9 m-f  9-6 sat  11-6 sun,1,1,2,1,1,0,,0,,0,,0,,1,0,0,,1,1,1,1,0,,1,1,0,,Not individually packaged pastries ,1,1,3,1,1,3,1,1,1,0,,2
85,1,11/23/2020 20:45,6,,5am -1am 7 days a week ,0,,1,People being counted as they enter and exit through the only door ,1,One entrance blocked ,1,0,0,,0,1,1,0,,1,0,0,0,,,,0,,,1,9-9 m-f  10-6 sat  10-5 sun,1,1,2,1,1,0,,1,0,0,,0,,3,,,,1,1,1,1,0,,1,1,0,,Individually packaged pastries ,1,1,2,0,1,3,1,1,0,0,Many social distancing signs through checkout have come off ,2
86,1,11/23/2020 20:58,5,,5am-1am 7 days/week,0,,1,Inslee order but nothing being enforced ,0,,1,0,0,,1,1,0,0,"Hand washing station at entrance  Longer hours are labeled as holiday hours, 11/16 - 12/30",1,1,1,0,,,,0,,,3,,,,,1,0,0,,1,1,1,1,0,,1,0,0,,1,1,1,0,0,,1,0,0,,Individually wrapped pastries ,1,1,2,0,1,3,1,0,,,,2
87,1,11/23/2020 21:11,7,,5am-1am all days ,1,"M, w 7-8am",1,"Per Inslee, nothing enforced ",0,,1,0,0,,0,1,0,0,,1,1,0,0,,,,1,0,,1,8-9m-f  9-9sat  10-6sun  ,1,1,2,1,0,0,,0,,0,,0,,1,0,0,,1,1,1,0,0,,1,1,0,,,1,1,3,1,1,3,1,1,1,0,,2
88,2,12/19/2020 17:01,,3,M-F: 6a-11p,1,M/W: 7a-8a,1,224 maximum occupancy,0,,1,0,0,,0,1,1,0,,1,1,0,0,,,,1,0,,1,M-F: 9a-8p  Sat: 9a-6p  Sun: 11a-6p,0,1,2,1,0,0,,1,1,0,,0,,1,0,0,,1,1,1,1,0,,1,1,0,,"Pastries not prepackaged-instructions use of one tissue to open door and another to pick pastries  Soup has no instructions aside from a single ""Please wait here"" floor marking; hand sanitizer still provided",1,1,2,0,1,1,1,1,1,0,"Generally not too busy, so checkout cleaning may have been a consequence of that fact",2
89,2,12/19/2020 17:35,,1,M-Sun: 6a-12a,0,,1,Markings for a queue (there was none at time of visit) and employee counting customers entering and leaving,1,One entrance and one exit with belt stanchions and employees+security enforcing(?)-other set of doors is closed off,1,1,0,,0,1,0,0,,1,1,0,0,,,,1,0,"General social distancing demarcations (e.g. ""Please keep 6ft apart"")",1,M-Sat: 9a-7p  Sun: 10a-6p,1,1,3,1,0,0,,0,,0,,0,,1,0,0,,1,1,3,,,,3,,,,Pastries still prepackaged   Hand washing signage at bakery still present,1,1,2,0,1,3,1,1,0,0,One employee observed cleaning a self-checkout lane-perhaps occasional cleaning occurs,2
90,1,12/20/2020 12:54,1,,7am-11pm everyday ,1,6-7am Tuesday,0,,0,,1,0,0,,1,1,0,0,,0,,0,0,,,,0,,,1,M-f 9-7  Sat 9-7  Sun 10-6,1,1,3,1,1,0,,0,,0,,0,,1,1,0,,1,1,3,,,,3,,,,,1,1,2,0,1,3,1,1,0,0,,2
91,1,12/20/2020 13:14,9,,6am-10pm everyday ,0,,0,,0,,1,1,0,,1,1,0,0,,1,1,0,0,,,,0,,,1,Mon-sat 9-7  Sun 10-6,1,1,2,1,1,1,2,0,,0,,1,1,1,0,0,,1,1,1,1,0,,1,1,0,,,1,1,3,1,1,3,1,1,1,0,,2
92,1,12/20/2020 13:37,4,,24 hrs ,0,,0,,0,,1,0,0,,0,0,,0,,1,1,0,0,,,,0,,,3,,,,,1,0,0,,0,,0,,0,,3,,,,1,1,3,,,,3,,,,,1,1,3,0,0,3,1,0,,,,2
93,2,12/20/2020 14:08,,5,M-Sun: 8a-8p,0,,0,,1,One entrance and one exit,1,0,0,,0,1,0,0,"No separate clean/used cart lanes, but signage exists saying carts are disinfected",1,1,0,0,,,,1,0,Station for cleaning baskets still present though,3,,,,,1,1,0,,1,1,0,,0,,1,1,1,2,0,,1,1,0,,1,1,0,,"Some new red floor markers (mostly replaced old ones)  Soup bar still has no gloves, but there are tissues",1,1,2,0,1,2,1,0,,,"Cleaning of credit card machine after customer, though there were no more customers in queue for the lane",2
94,2,12/20/2020 14:27,,6,M-Sun: 6a-11p,1,T/Th: 6a-8a,0,,0,,1,1,0,,0,1,1,0,"One employee at one entrance-no employee present at the other, though there is a chair and cleaning supplies",1,1,0,0,,,,1,0,"Social distancing demarcations still present  Basket cleaner not present, but cleaning supplies were  Extra wipes dispenser in store   Two security guards patrolling",1,M-F: 9a-9p  Sat: 9a-6p  Sun:11a-6p,1,1,2,1,1,1,2,1,0,0,,1,1,1,0,0,,1,1,1,0,0,,1,0,0,,Cold bar prepackaged; pastries are not and no instructions for access  Floor demarcations all along length of deli  ,1,1,2,1,1,3,1,1,1,0,"Almost all self-checkout stations have plexiglass between them. One set does not, but stations in-between are closed  Cleaning supplies present at all employee stations",2
95,2,12/20/2020 15:12,,7,M-Sun: 6a-12a,0,,1,435 max occupancy,0,,1,0,0,,0,1,0,0,A security present in store,1,1,1,1,0,1,0,0,,Two basket cleaners,1,M-F: 9a-8p  Sat: 9a-5p  Sun: 10a-5p,1,1,2,1,1,0,,0,,1,1,0,,1,0,0,,1,1,1,1,0,,1,1,0,,Pastries not prepackaged-instructions for use of two tissues for door and pastry  Hot bar prepackaged ,1,1,2,0,1,3,2,1,0,0,Some self-checkout lanes closed (no particular pattern)  Was not busy at the manned lanes and one customer only bought one item (no bag needed),2
96,2,12/20/2020 16:08,,2,M-Sun: 6a-11p,0,,0,,1,One entrance/exit,1,0,0,,0,1,0,0,,1,1,0,1,0,1,0,0,,Some aisles no longer have demarcations  Two security guards present ,1,M-F: 9a-9p  Sat: 9a-6p  Sun: 10a-6p,1,1,2,1,1,1,2,0,,0,,0,,1,1,0,,1,1,1,1,1,2,1,1,1,2,Pastries not prepackaged and no signage on usage  Deli plexiglass has signage reminding customer to not be up close to it,1,1,2,0,1,3,1,1,0,0,In-between self-checkout stations are closed,2
97,1,12/20/2020 19:19,3,,5am-1am everyday ,0,,1,Entry line with someone checking numbers ,1,One door closed ,1,1,0,,0,1,0,0,,1,1,0,1,0,0,,0,,,1,"M-f 9-9  Sat, sun 10-6",1,1,2,1,1,1,2,1,0,0,,0,,1,1,0,,1,1,1,1,0,,1,1,0,,,1,1,2,0,1,3,1,1,0,0,,2
98,1,12/20/2020 19:31,2,,6am-11pm,1,"M, w 7-8 ",1,Sign saying reduced capacity but not being enforced. ,0,,1,0,0,,0,1,0,0,,1,1,0,0,,,,0,,,3,,,,,1,0,0,,1,1,0,,0,,1,0,0,,1,1,1,0,0,,1,0,0,,,1,1,3,1,1,3,1,1,1,0,,2
99,1,12/22/2020 18:38,5,,5am-1am (holiday hours) ,0,,0,,0,,1,0,0,,1,1,0,0,,1,1,1,0,,,,0,,,3,,,,,1,0,0,,1,1,1,1,1,1,1,0,0,,1,1,1,0,0,,1,0,0,,,1,1,2,0,1,3,1,0,,,,2
100,1,12/22/2020 20:03,8,,6am-11pm,0,,0,,0,,1,0,0,,1,1,0,0,,1,1,0,0,,,,1,0,,1,M-f 9a-7pm  Closed sat and sun ,1,1,2,1,1,0,,1,0,0,,1,1,1,0,0,,1,1,1,1,0,,1,1,0,,,1,1,3,1,1,3,1,1,1,0,,2
101,1,12/22/2020 20:33,6,,5am-1am everyday ,0,,0,,1,One blocked with carts ,1,0,0,,0,1,0,0,,1,1,0,1,0,1,0,0,,,1,M-f 9-8  Sat 10-6  Sun 10-5 ,1,1,2,1,1,0,,1,0,0,,0,,3,,,,1,1,1,1,0,,1,1,0,,,1,1,2,0,1,3,1,1,0,0,,2
102,1,12/22/2020 20:44,7,,6a-11p 7 days/week,0,,0,,1,Only north entrance open. Others have signage and are blocked and locked ,1,1,0,,1,1,0,0,,1,1,0,0,,,,0,,,1,M-f 8-9  Sat 9-9  Sun 10-6,1,1,2,1,0,0,,1,1,0,,1,1,1,0,0,,1,1,1,0,0,,1,1,0,,,1,1,3,1,1,3,1,1,1,0,Some screens behind checkers aren't present. ,2
103,2,1/15/2021 16:28,,3,M-Sun: 6a-11p,1,M/W: 7a-8a,1,224 persons,0,,1,0,0,,0,1,0,0,,1,1,0,0,,,,0,,Seems to be a draft-more ventilation? There was a panel missing in the ceiling . . .  Storewide reminder to stay 6ft apart,1,M-F: 9a-8p  Sat: 9a-6p  Sun: 11a-6p,0,1,2,1,0,0,,1,1,0,,0,,1,0,0,,1,1,1,1,0,,1,1,0,,"Soup bar unchanged (sanitizer and lone demarcation)  Similarly, pastry bar unchanged (asking for two tissue to be used)",1,1,2,0,1,3,1,1,1,0,,2
104,2,1/15/2021 17:00,,1,M-Sun: 7a-10p,0,,1,Staff counting on device ,1,One entrance/exit with staff enforcing and stanchions  Other entrance/exit closed for renovations,1,1,0,,0,1,1,0,Apparently store hours had changed since Nov and have not changed back after the holidays  Larger staff presence at entrance,1,1,1,0,,,,1,0,,1,M-Sat: 9a-7p  Sun: 10a-6p,1,1,3,1,0,0,,0,,0,,0,,1,0,0,,1,1,3,,,,3,,,,Pastries prepackaged,1,1,2,0,1,3,1,1,0,0,Every other manned checkout lane is closed,2
105,2,1/16/2021 13:19,,2,M-Sun: 6a-11p,0,,0,,1,One entrance/exit (other still closed),1,1,0,,0,1,1,0,Security guard at entrance,1,1,0,0,,,,0,,,1,M-F: 9a-9p  Sat: 9a-6p  Sun: 10a-6p,1,1,2,1,1,1,2,0,,0,,0,,1,1,0,,1,1,1,1,1,2,1,1,1,2,Pastries not prepackaged (still no specific instructions for access)  Still signage at deli instructing customers to stay behind plexiglass screen,1,1,2,0,1,3,1,1,0,0,Idle cleaning by cashiers when not busy,2
106,2,1/16/2021 13:55,,7,M-Sun: 6a-12a,0,,1,435 persons,0,,1,1,0,,0,1,0,0,An extra security guard in store,1,1,1,1,0,1,0,0,,Customers still do not follow lanes  Clean basket/carts area,1,M-F: 9a-8p  Sat: 9a-5p  Sun: 10a-5p,1,1,2,1,1,0,,1,1,1,1,1,1,1,1,0,,1,1,1,1,0,,1,1,0,,"Pastries not prepackaged (instructions for access via tissues)  Hot and cold bars prepackaged   Soup is available (instructions for use of tissues to hold ladles and open lids and hand sanitizer available)  As an aside, in-store bar looks to be reopening?",1,1,2,0,1,3,1,1,0,0,Every other self-checkout station closed  ,2
107,2,1/16/2021 14:28,,6,M-Sun: 6a-11p,1,T/Th: 6a-8a,0,,0,,1,1,0,,0,1,0,0,Customer engagement specialist at one entrance seems to be always missing the past few months (chair is still there)-more employees watching entrances/exits  Security guard presence at one entrance ,1,1,1,0,,,,1,0,"Cleaner not present at the time, but supplies present  More of a draft?",1,M-F: 9a-7p  Sat: 9a-6p  Sun: 11a-6p,1,1,2,1,1,1,2,1,0,0,,1,1,1,0,0,,1,1,1,0,0,,1,0,0,,Pastries not prepackaged (no instructions for access)  Cold bar prepackaged   Temp hours for pharmacy ,1,1,2,1,1,3,1,1,1,0,Floor demarcations at most self-checkout stations,2
108,2,1/16/2021 14:52,,5,M-Sun: 8a-8p,0,,0,,1,One entrance and one exit ,1,0,0,,0,1,0,0,Signage about cart cleaning throughout the day,1,1,1,0,,,,0,,Supplies for cleaning present but no cleaner at the time  Free sample table set up (Thai curry),3,,,,,1,1,0,,1,1,0,,0,,1,1,1,2,0,,1,1,0,,1,1,0,,Soup (instructions the same-tissues available for access),1,1,2,0,1,3,2,0,,,No bags for some customers,2
109,1,1/23/2021 14:02,1,,7a-11pm all days ,1,Tues 6-7a,1,"Someone counting, no line ",0,,1,0,0,,0,0,,0,,0,,0,0,,,,1,0,,1,M-f 9-7  Sat 9-7  Sun 10-6,1,1,3,1,0,0,,0,,0,,0,,1,0,0,,1,1,3,,,,3,,,,,1,1,2,0,1,3,1,1,0,0,,2
110,1,1/23/2021 14:30,9,,6a-10pm all days ,0,,1,"Someone counting, no line ",0,,1,1,0,,1,0,,0,,0,,0,0,,,,1,0,,1,9-7 m-sat   11-6 sun,1,1,2,1,1,1,2,0,,0,,1,1,1,0,0,,1,1,1,1,0,,1,1,0,,Cold bar = sandwich roll bar ,1,1,3,1,1,3,1,1,1,0,,2
111,1,1/23/2021 14:49,4,,24 hrs,0,,0,,0,,1,0,0,,0,1,0,0,,1,1,0,0,,,,0,,,3,,,,,1,0,0,,0,,0,,0,,3,,,,1,1,3,,,,3,,,,,1,1,3,0,1,3,1,0,,,,2
112,1,1/23/2021 14:54,3,,5am-1am,0,,0,,1,"One door closed, signage saying for covid ",1,0,0,,0,1,0,0,,1,1,0,1,0,1,0,1,0,,1,M-f 9-9  Sat/sun 10-6,1,1,2,1,1,0,,1,0,0,,0,,1,1,0,,1,1,1,1,0,,1,1,0,,,1,1,2,0,1,3,1,1,0,0,,2
113,1,1/23/2021 15:09,2,,6am-11pm all days ,1,"M, W 7-8 am",0,,0,,1,1,0,,0,1,0,0,Security guard checking for masks ,1,1,0,0,,,,0,,,3,,,,,1,1,0,,1,1,0,,1,1,1,0,0,,1,1,1,0,0,,1,0,0,,Cold bar is olive bar. Everything individually packed ,1,1,3,1,1,3,1,1,1,0,,2
114,1,1/26/2021 19:52,6,,5am-1am 7 days ,0,,0,,1,"One door closed, signage saying due to covid ",1,0,0,,0,1,0,0,,1,1,0,1,0,1,0,1,0,,1,9a-7p m-f  10a-6p sat/sun ,1,1,2,1,1,1,2,1,0,0,,0,,3,,,,1,1,1,1,0,,1,1,0,,,1,1,2,0,1,3,1,1,0,0,,2
115,1,1/26/2021 20:06,5,,6a-11p 7 days,0,,0,,0,,1,1,0,,1,1,0,0,Hand washing station outside store ,1,1,1,0,,,,0,,,3,,,,,1,0,0,,1,1,1,1,1,1,1,0,0,,1,1,1,0,0,,1,0,0,,,1,1,2,0,1,3,1,0,,,,2
116,1,1/26/2021 20:17,7,,6a-11p 7 days,1,"M, w 7-8a",0,,0,,1,0,0,,0,1,0,0,,1,1,0,0,,,,1,0,,1,M-f 8-9  Sat 9-9  Sun 10-6,1,1,3,1,0,0,,1,1,0,,1,1,1,0,0,,1,1,1,0,0,,1,0,0,,,1,1,3,1,1,3,1,1,1,0,,2
117,1,1/26/2021 20:25,8,,6a-11p all days ,0,,0,,0,,1,1,0,,1,1,0,0,,1,1,0,0,,,,1,0,,1,M-f 9-7  Sat 9-6  Sun 11-6,1,1,3,1,0,1,2,1,1,0,,0,,1,0,0,,1,1,1,1,0,,1,1,0,,,1,1,3,1,1,3,1,1,1,0,,2
118,2,2/20/2021 14:48,,5,M-Sun: 8a-8p,0,,0,,0,,1,0,0,,0,1,0,0,Signage outside with carts saying they get disinfected,1,1,0,0,,,,1,0,Basket cleaning table is gone    Free samples available,3,,,,,1,0,0,,1,1,0,,0,,1,0,1,2,0,,1,0,0,,1,0,0,,No signage/instructions for soup usage,1,1,2,0,1,3,3,0,,,Fewer social distancing markers at registers    Customer brought and packed own bags during observations,2
119,2,2/20/2021 15:10,,6,M-Sun: 6a-10p,0,,0,,0,,1,1,0,,0,1,0,0,Customer engagement specialists not present at time of visit though (chairs present though),1,1,1,0,,,,0,,"Again, customer engagement specialist not present cleaning",1,M-F: 9a-9p  Sat: 9a-6p  Sun: 11a-6p,1,1,2,1,1,0,,1,0,0,,1,1,1,0,0,,1,1,1,0,0,,1,0,0,,Cold bar prepackaged only    In-store bar seems to be preparing to reopen,1,1,2,1,1,3,1,1,1,0,,2
120,2,2/20/2021 15:42,,7,M-Sun: 6a-12a,0,,1,435 persons,0,,1,0,0,,0,1,0,0,There is a security guard at one entrance ,1,1,1,1,0,1,0,1,0,"Basket cleaner not present, but chair and supplies are",1,M-F: 9a-8p  Sat: 9a-5p  Sun: 10a-5p,1,1,2,1,1,0,,1,1,1,1,1,1,1,0,0,,1,1,1,1,0,,1,1,0,,"Single demarcation at the deli, but 4 at hot bar and 2 at cold bar    Cold and hot bars prepackaged     Tissue instructions for grabbing pastries and getting soup ",1,1,2,0,1,3,1,1,0,0,Every other self-checkout station closed    Markers for self-checkout gone     Cleaning at checkout when idle ,2
121,2,2/20/2021 16:09,,2,M-Sun: 6a-11p,0,,0,,1,One entrance/exit,1,0,0,,0,1,0,0,There is a security guard present at the entrance    Less signage about COVID on doors/windows,1,1,0,0,,,,1,0,,1,M-F: 9a-9p  Sat: 9a-6p  Sun: 10a-6p,1,1,2,1,1,1,2,0,,0,,0,,1,1,0,,1,1,1,1,1,2,1,1,1,2,Pastries not prepackaged and no instructions or signage for access ,1,1,2,0,1,3,1,1,0,0,Every other self-checkout lane open    Idle cleaning of checkout ,2
122,2,2/22/2021 16:59,,3,M-Sun: 6a-11p,1,M/W: 7a-8a,1,224,0,,1,0,0,,0,1,0,0,,1,1,0,0,,,,1,0,,1,M-F: 9a-8p  Sat: 9a-6p  Sun: 11a-6p,0,1,2,1,0,0,,1,1,0,,0,,1,0,0,,1,1,1,1,0,,1,1,0,,,1,1,2,0,1,3,1,1,1,0,,2
123,2,2/22/2021 17:36,,1,M-Sun: 7a-10p,0,,1,Staff counting customers entering and leaving,1,One entrance and one exit with stanchions separating; otherwise both sets of entrance/exits open,1,1,0,,0,1,0,0,,1,1,0,0,,,,1,0,,1,M-Sat: 9a-7p  Sun: 10a-6p,1,1,3,1,0,0,,0,,0,,0,,1,0,0,,1,1,3,,,,3,,,,,1,1,2,0,1,3,1,1,0,0,,2
124,1,5/16/2020 14:15,3,,M-Sun: 6a-10p,1,T/Th 6-9a,1,"Not enforced when there, saw signage",1,One entrance (N) closed,0,,0,,0,1,1,0,Self-screen,1,1,0,1,0,0,,0,,Minimal markings not on all aisle/sections,1,N/A,1,1,1,1,1,1,1,1,0,0,,0,,1,0,0,,1,1,1,0,0,,1,0,0,,Soup bar blocked off    All pastry items are pre-packaged,1,1,1,0,1,3,1,1,0,0,"Screens too low    Employee packs store bag    Self-checkout stands: 4 open, middle closed",2
125,1,5/16/2020 14:40,2,,M-Sun: 8a-10p,1,M-F: 7a-8a,1,50% capacity; not enforced during visit,0,,0,,0,,0,1,1,0,,1,1,1,1,0,1,0,1,0,,3,,,,,1,0,0,,1,0,0,,1,0,1,0,0,,1,1,1,0,0,,1,0,0,,,1,1,3,0,1,1,1,1,0,1,,2
126,1,5/16/2020 16:30,1,,N/A,1,T: 6a-7a,1,"Employee monitoring, had to wait",0,,0,,0,,0,0,,0,Already have limited entrances and exits,0,,0,1,0,1,1,1,0,,1,M-Sun: 7a-8:30p,1,1,3,1,0,0,,0,,0,,0,,1,0,0,,0,,3,,,,3,,,,,1,1,2,0,1,3,1,1,0,0,,2
127,1,5/16/2020 17:00,9,,M-Sun: 7a-10p,1,M-Th: 7a-8a,0,,0,,0,,0,,0,0,,0,,0,,0,0,,,,1,0,,1,N/A,1,1,2,1,1,1,2,0,,0,,0,,1,0,0,,1,0,1,1,0,,1,1,0,,*Pharmacy data not recorded--based on June results*    Deli plexiglass at register only,1,1,3,1,1,2,1,1,0,0,May not have seen bagger,2
128,1,5/17/2020 14:40,7,,M-Sun: 8a-10p,1,M-F: 7a-8a,1,Sign saying 50% allowed,1,One entrance closed-middle,0,,0,,0,1,1,0,,1,1,1,1,0,1,0,0,,*Lane data not collected--based on June data*,1,M-F: 8a-9p  Sat: 9a-9p  Sun: 10a-6p,0,1,2,1,0,0,,1,0,0,,0,,1,0,0,,1,0,1,0,0,,1,0,0,,*Bakery data incomplete--based on June data*    Signage saying pastries unavailable,1,1,3,0,1,1,1,1,1,1,Employee also unpacks groceries    Self-checkout stations have curtains,2
129,1,5/17/2020 15:10,5,,M-Sun: 8a-8p,1,M-Sun: 7a-8a,0,,1,One entrance and one exit only,0,,0,,0,1,1,0,"Needed to wait for a clean cart    Hand-washing facility provided outside, but no enforcement",1,1,1,0,,,,0,,,3,,,,,1,0,0,,1,0,1,0,1,0,1,1,1,2,1,0,1,0,0,,1,0,0,,*Self-service pastries and deli data incomplete--based on June data*    Hot bar food packaged,1,1,2,0,1,3,1,0,,,,2
130,1,5/17/2020 16:00,6,,M-Sun: 5a-1a,1,T/Th: 7a-9a,0,,0,,0,,0,,0,1,1,0,Self-screening,1,1,0,1,0,1,1,0,,,1,M/W/F: 9a-7p  T/Th: 7a-7p (7-9a for at-risk)  Sat/Sun: 11a-5p,1,1,1,1,1,1,2,1,0,1,1,0,,3,,,,1,1,1,1,0,,1,1,0,,Hot bar and pastries prepackaged,1,1,1,0,1,3,1,1,0,0,,2
131,1,5/16/2020 13:00,4,,24 hrs,0,,0,,0,,0,,0,,0,1,1,0,Limits unclear,0,,0,0,,,,0,,Wipes in back of store,3,,,,,1,1,0,,0,,0,,0,,3,,,,1,1,3,,,,3,,,,Deli is manned food bar    Free access to pastries (no individual wrapping),1,1,3,0,1,3,3,0,,,Spray bottles at checkout stand,2
132,1,5/17/2020 17:00,8,,M-Sun: 6a-11p,1,M-F: 7a-8a,1,Sign saying 50%,1,Entrance closes at 8p,0,,0,,0,1,1,0,"Worker sanitizing carts as they came in from outside, put in section called ""sanitized""",0,,1,0,,,,1,0,A  sanitizer (spray) station for employee but no wipes    Had security guard out front--could be protective for employees,1,M-F: 9a-9p  Sat: 9a-6p  Sun: 11a-6p,1,1,2,1,0,1,2,1,0,0,,1,1,1,0,0,,1,1,1,1,0,,1,1,0,,Deli screen at register    Butcher and fishmonger only had one demarcation    Cold and pastry bars prepackaged,1,1,3,1,1,3,1,1,1,0,Screens on back weren't closed so doubled up instead of full coverage,2
133,1,6/13/2020 16:30,4,,24 hrs,0,,0,,0,,0,,0,,0,1,0,0,,1,1,0,0,,,,1,0,,3,,,,,1,0,0,,0,,0,,0,,3,,,,1,1,3,,,,3,,,,Pastries not prepackaged,1,1,2,0,1,3,2,0,,,One customer packed own bags,2
134,1,6/14/2020 14:30,1,,M-Sun: 7a-8:30p,1,T: 6a-7a,1,Lines and someone counting,1,Appears to be due to being boarded up for protests,0,,0,,0,0,,0,Windows boarded up,0,,0,1,0,1,0,1,0,Labeling may or may not be new,1,M-Sun: 7a-8:30p,1,1,3,1,0,0,,0,,0,,0,,1,0,0,,1,1,3,,,,3,,,,Pastries prepackaged    Large plexiglass screens around pharmacy,1,1,2,0,1,3,1,1,0,0,,2
135,1,6/21/2020 14:30,5,,M-Sun: 8a-11p,1,M-Sun: 7a-8a,1,Signage but no hard number/limit,0,,0,,0,,0,1,0,0,"""Strongly enforced"" signage (for masks?)    Handwashing station still present outside",1,1,1,0,,,,1,0,*Demarcation data incomplete--based on July responses*,3,,,,,1,0,0,,1,0,1,0,1,0,1,1,0,,1,1,1,0,0,,1,0,0,,Pastries prepackaged,1,1,2,0,1,3,1,0,,,,2
136,1,6/22/2020 13:00,6,,M-Sun: 5a-11p,1,T/Th: 6a-9a,1,Signage but not enforced,0,,0,,0,,0,1,0,0,,1,0,0,1,0,1,0,0,,,1,N/A,0,1,2,1,0,0,,1,0,0,,0,,1,0,0,,1,1,1,0,0,,1,0,0,,Pastries prepackaged,1,1,2,0,1,3,1,1,0,0,,2
137,1,6/22/2020 13:30,8,,M-Sun: 6a-11p,1,M-Th: 7a-8a,0,,0,,0,,0,,0,1,1,0,,1,1,0,0,,,,1,0,,1,M-F: 9a-9p  Sat: 9a-6p  Sun: 11a-6p,1,1,3,1,0,0,,1,0,0,,0,,1,0,0,,1,1,1,1,0,,1,1,0,,Pastries prepackaged,1,1,3,1,1,3,1,1,1,0,,2
138,1,6/14/2020 15:00,9,,M-Sun: 6a-10p,1,T/Th: 6a-8a,0,,0,,0,,0,,0,1,0,0,Shorter hours on one entrance (7a-8p only),0,,1,0,,,,1,0,Employee standing with spray but was not using it,1,M-F: 9a-9p  Sat: 9a-7p  Sun: 11a-6p,1,1,2,1,1,1,2,1,0,0,,0,,1,0,0,,1,1,1,1,0,,1,1,0,,Deli screen at register only    Pastries prepackaged,1,1,3,1,1,3,3,1,1,0,Armed security guard at store could assist w/ crowd control    Employee cleaning carts--no wipes,2
139,1,6/21/2020 14:17,7,,M-Sun: 6a-11p,1,M/W: 7a-8a,1,Signage indicating 30% capacity,1,One entrance (middle) closed,1,0,0,,0,1,1,0,Signage requiring masks,1,1,1,1,0,1,1,1,0,New signs higher on end,1,N/A,0,1,2,1,0,0,,1,0,0,,0,,1,0,0,,1,1,1,0,0,,1,0,0,,*Deli data incomplete--based on July data*    Pastries prepackaged,1,1,3,0,1,2,1,1,1,1,Shower curtains between self-checkout stations,2
140,1,6/13/2020 16:00,3,,M-Sun: 5a-1a,1,T/Th: 7a-9a,0,,0,,0,,0,,0,1,0,0,,1,0,1,1,0,1,0,0,,Labeling may or may not be new,1,M/W/F/Sat: 9a-9p  T/Th: 7a-9p  Sun: 11a-6p,1,1,2,1,1,1,1,1,0,0,,0,,1,0,0,,1,1,1,0,0,,1,0,0,,Deli screen just below nose and only at one checkout    Pastries prepackaged,1,1,1,0,1,3,1,1,0,0,Screens below nose    No screens behind checker nor between self-check,2
141,1,7/11/2020 16:30,6,,M-Sun: 5a-1a,1,T/Th: 6a-9a,0,,0,,1,0,0,,0,1,0,0,,1,1,0,0,,,,1,0,,1,M-F: 9a-7p  Sat-Sun: 10a-6p,0,1,1,1,0,0,,1,0,0,,0,,1,1,0,,1,1,1,0,0,,1,0,0,,Pastries prepackaged,1,1,1,0,1,3,1,1,0,0,Middle self check has been removed and replaced with crates,2
142,1,7/1/2020 17:00,9,,M-Sun: 6a-10p,0,,0,,0,,1,1,0,,0,1,0,0,Customer limits not obvious    Security guards present,1,1,1,0,,,,0,,,1,M-F: 9a-9p  Sat: 9a-7p  Sun: 11a-6p,1,1,3,1,1,0,,1,0,0,,0,,1,0,0,,1,1,1,1,0,,1,1,0,,*Pharmacy data incomplete--based on June data*    Pastries prepackaged,1,1,3,1,1,3,3,1,1,0,,2
143,1,7/12/2020 13:00,3,,M-Sun: 5a-1a,0,,0,,0,,1,0,0,,0,1,0,0,,1,0,0,1,0,0,,0,,,1,M-F: 9a-9p  Sat: 9a-6p  Sun: 11a-6p,1,1,2,1,0,1,2,1,0,0,,0,,1,0,0,,1,1,1,0,0,,1,0,0,,Deli screen only at one register    Pastries prepackaged,1,1,2,0,1,3,1,1,0,0,,2
144,1,7/11/2020 16:23,8,,M-Sun: 6a-11p,1,M-Th: 7a-8a,0,,0,,1,1,0,,0,1,0,0,*Special hours data incomplete--based on June data*,1,1,0,0,,,,1,0,,1,M-F: 9a-9p  Sat: 9a-6p  Sun: 11a-6p,1,1,2,1,1,1,2,1,0,0,,0,,1,0,0,,1,1,1,1,0,,1,1,0,,Deli demarcations and screens at checkout area    Pastries prepackaged,1,1,3,1,1,3,1,1,1,0,,2
145,1,7/11/2020 15:00,7,,M-Sun: 6a-11p,0,,0,,1,N/A,1,0,0,,0,1,0,0,*PPE enforcement data incomplete*    Special hours not advertised    ,1,1,0,1,1,1,1,1,0,Labeling with larger arrows,1,M-F: 8a-9p  Sat: 9a-9p  Sun: 10a-6p,0,1,3,1,0,0,,1,0,0,,0,,1,0,0,,1,1,1,0,0,,1,0,0,,*Bakery data incomplete*    Pastry prepackaged,1,1,3,1,1,1,1,1,1,1,New partitions at self checks. From shower curtains to sturdy screens like at Fred Meyer,2
146,1,7/11/2020 15:30,5,,M-Sun: 6a-11p,0,,0,,0,,1,0,0,,0,1,0,0,Handwashing station no longer present,1,1,0,0,,,,1,0,,3,,,,,1,0,1,2,1,0,1,0,1,0,1,0,0,,1,1,1,0,0,,1,0,0,,"Hot, cold, and pastries prepackaged",1,1,2,0,1,1,1,0,,,,2
147,1,7/11/2020 15:00,1,,M-Sun: 7a-8:30p,1,T: 6a-7a,1,Greeter counting,1,Directional + one closed,1,1,0,,0,1,1,0,,1,0,0,0,,,,1,0,"No floor labeling, but labeling on end caps",1,M-Sat: 9a-7p  Sun: 10a-6p,1,1,3,1,0,0,,0,,0,,0,,1,0,0,,1,1,3,,,,3,,,,Pastry prepackaged,1,1,2,0,1,3,1,1,0,0,,2
148,1,6/13/2020 16:45,2,,M-F: 8a-11p  Sat-Sun: 7a-11p,1,M-F: 7a-8a,0,,0,,0,,0,,0,1,1,0,Signs down since store boarded up due to protests.,1,1,1,1,0,1,1,1,0,Signs on floor and top,3,,,,,1,0,0,,1,0,0,,0,,1,0,0,,1,1,1,0,0,,1,0,0,,Pastries individually packaged,1,1,3,1,1,1,1,1,0,1,,2
